-- Enrollments, Cases, and Tanks

-- TANKS
INSERT INTO tank (tank_id, vendor_id, capacity_gallons, install_date, tank_lat, tank_long, active_flag) VALUES
(1, 7, 1500, '2020-01-09', 35.2696917, -119.0446631, TRUE),
(2, 6, 5000, '2019-08-06', 37.3485057, -120.3353062, TRUE);

-- TANK_SERVICE_AREA
INSERT INTO tank_service_area (tank_id, structure_id, apn_id, active_flag) VALUES
(1, 124, 84, TRUE),
(1, 125, 84, TRUE),
(1, 126, 84, TRUE),
(1, 127, 84, TRUE),
(1, 128, 84, TRUE),
(1, 129, 84, TRUE),
(1, 130, 84, TRUE),
(1, 131, 84, TRUE),
(1, 132, 84, TRUE),
(1, 133, 84, TRUE),
(1, 134, 84, TRUE),
(1, 135, 84, TRUE),
(1, 136, 84, TRUE),
(1, 137, 84, TRUE),
(1, 138, 84, TRUE),
(1, 139, 84, TRUE),
(1, 140, 84, TRUE),
(1, 141, 84, TRUE),
(1, 142, 84, TRUE),
(1, 143, 84, TRUE),
(2, 171, 87, TRUE),
(2, 172, 87, TRUE),
(2, 173, 87, TRUE),
(2, 174, 87, TRUE),
(2, 175, 87, TRUE),
(2, 176, 87, TRUE),
(2, 177, 87, TRUE),
(2, 178, 87, TRUE),
(2, 179, 87, TRUE),
(2, 180, 87, TRUE),
(2, 181, 87, TRUE),
(2, 182, 87, TRUE),
(2, 183, 87, TRUE),
(2, 184, 87, TRUE),
(2, 185, 87, TRUE),
(2, 186, 87, TRUE);


-- PROGRAM_ENROLLMENTS
INSERT INTO program_enrollment (enrollment_id, pid, program_id, structure_id, program_specific_id, caseworker_id, status_id, enrollment_date, exit_date, exit_reason, active_flag) VALUES
(1, 'PID-0001', 1, 1, 'BW-2018-0001', 2, 1, '2018-09-29', NULL, NULL, TRUE),
(2, 'PID-0002', 1, 2, 'BW-2021-0002', 2, 1, '2021-02-03', NULL, NULL, TRUE),
(3, 'PID-0003', 1, 3, 'BW-2020-0003', 3, 1, '2020-07-12', NULL, NULL, TRUE),
(4, 'PID-0004', 1, 4, 'BW-2017-0004', 3, 5, '2017-02-17', NULL, NULL, TRUE),
(5, 'PID-0005', 1, 5, 'BW-2018-0005', 2, 1, '2018-04-04', NULL, NULL, TRUE),
(6, 'PID-0006', 1, 6, 'BW-2018-0006', 2, 1, '2018-05-11', NULL, NULL, TRUE),
(7, 'PID-0007', 1, 7, 'BW-2018-0007', 2, 4, '2018-03-24', NULL, NULL, TRUE),
(8, 'PID-0009', 1, 8, 'BW-2023-0008', 2, 1, '2023-07-21', NULL, NULL, TRUE),
(9, 'PID-0011', 1, 9, 'BW-2022-0009', 2, 1, '2022-09-04', NULL, NULL, TRUE),
(10, 'PID-0011', 3, 9, 'WQ-2020-0001', 2, 1, '2020-11-30', NULL, NULL, TRUE),
(11, 'PID-0013', 1, 10, 'BW-2018-0010', 2, 1, '2018-09-03', NULL, NULL, TRUE),
(12, 'PID-0013', 3, 10, 'WQ-2021-0002', 2, 1, '2021-02-21', NULL, NULL, TRUE),
(13, 'PID-0015', 1, 11, 'BW-2019-0011', 3, 4, '2019-10-14', NULL, NULL, TRUE),
(14, 'PID-0015', 3, 11, 'WQ-2018-0003', 3, 1, '2018-03-19', NULL, NULL, TRUE),
(15, 'PID-0016', 1, 12, 'BW-2023-0012', 2, 1, '2023-01-15', NULL, NULL, TRUE),
(16, 'PID-0016', 3, 12, 'WQ-2019-0004', 2, 2, '2019-03-19', NULL, NULL, TRUE),
(17, 'PID-0018', 1, 13, 'BW-2023-0013', 3, 1, '2023-07-04', NULL, NULL, TRUE),
(18, 'PID-0019', 1, 14, 'BW-2019-0014', 2, 1, '2019-09-27', NULL, NULL, TRUE),
(19, 'PID-0020', 1, 15, 'BW-2022-0015', 2, 3, '2022-04-29', NULL, NULL, TRUE),
(20, 'PID-0021', 1, 16, 'BW-2020-0016', 3, 1, '2020-01-23', NULL, NULL, TRUE),
(21, 'PID-0023', 1, 17, 'BW-2019-0017', 2, 4, '2019-10-10', NULL, NULL, TRUE),
(22, 'PID-0025', 1, 18, 'BW-2018-0018', 7, 4, '2018-03-09', NULL, NULL, TRUE),
(23, 'PID-0027', 1, 19, 'BW-2022-0019', 8, 1, '2022-06-21', NULL, NULL, TRUE),
(24, 'PID-0028', 1, 20, 'BW-2021-0020', 7, 1, '2021-10-09', NULL, NULL, TRUE),
(25, 'PID-0029', 1, 21, 'BW-2018-0021', 7, 1, '2018-06-02', NULL, NULL, TRUE),
(26, 'PID-0030', 1, 22, 'BW-2019-0022', 7, 4, '2019-07-14', NULL, NULL, TRUE),
(27, 'PID-0031', 1, 23, 'BW-2019-0023', 7, 2, '2019-12-25', NULL, NULL, TRUE),
(28, 'PID-0033', 1, 24, 'BW-2023-0024', 8, 4, '2023-06-15', NULL, NULL, TRUE),
(29, 'PID-0034', 1, 25, 'BW-2022-0025', 8, 1, '2022-02-06', NULL, NULL, TRUE),
(30, 'PID-0034', 2, 25, 'TW-2019-0001', 8, 1, '2019-10-31', NULL, NULL, TRUE),
(31, 'PID-0035', 1, 26, 'BW-2017-0026', 8, 1, '2017-02-26', NULL, NULL, TRUE),
(32, 'PID-0035', 2, 26, 'TW-2018-0002', 8, 1, '2018-01-17', NULL, NULL, TRUE),
(33, 'PID-0036', 1, 27, 'BW-2017-0027', 8, 1, '2017-01-11', NULL, NULL, TRUE),
(34, 'PID-0036', 2, 27, 'TW-2020-0003', 8, 1, '2020-05-07', NULL, NULL, TRUE),
(35, 'PID-0037', 1, 28, 'BW-2022-0028', 7, 1, '2022-08-20', NULL, NULL, TRUE),
(36, 'PID-0037', 2, 28, 'TW-2020-0004', 7, 5, '2020-09-21', NULL, NULL, TRUE),
(37, 'PID-0038', 1, 29, 'BW-2018-0029', 8, 1, '2018-02-08', NULL, NULL, TRUE),
(38, 'PID-0039', 1, 30, 'BW-2022-0030', 7, 4, '2022-03-21', NULL, NULL, TRUE),
(39, 'PID-0040', 1, 31, 'BW-2022-0031', 8, 5, '2022-07-28', NULL, NULL, TRUE),
(40, 'PID-0041', 1, 32, 'BW-2018-0032', 7, 5, '2018-11-05', NULL, NULL, TRUE),
(41, 'PID-0041', 4, 32, 'WW-2022-0001', 7, 1, '2022-05-28', NULL, NULL, TRUE),
(42, 'PID-0042', 1, 33, 'BW-2017-0033', 8, 1, '2017-06-02', NULL, NULL, TRUE),
(43, 'PID-0042', 4, 33, 'WW-2022-0002', 8, 1, '2022-07-11', NULL, NULL, TRUE),
(44, 'PID-0044', 1, 34, 'BW-2021-0034', 2, 5, '2021-01-09', NULL, NULL, TRUE),
(45, 'PID-0045', 1, 35, 'BW-2018-0035', 2, 1, '2018-12-16', NULL, NULL, TRUE),
(46, 'PID-0046', 1, 36, 'BW-2022-0036', 2, 1, '2022-05-16', NULL, NULL, TRUE),
(47, 'PID-0047', 1, 37, 'BW-2022-0037', 3, 1, '2022-02-01', NULL, NULL, TRUE),
(48, 'PID-0048', 1, 38, 'BW-2019-0038', 3, 1, '2019-05-22', NULL, NULL, TRUE),
(49, 'PID-0049', 1, 39, 'BW-2021-0039', 2, 1, '2021-06-30', NULL, NULL, TRUE),
(50, 'PID-0049', 3, 39, 'WQ-2017-0005', 2, 1, '2017-05-06', NULL, NULL, TRUE),
(51, 'PID-0050', 1, 40, 'BW-2019-0040', 2, 4, '2019-11-13', NULL, NULL, TRUE),
(52, 'PID-0050', 3, 40, 'WQ-2018-0006', 2, 1, '2018-05-07', NULL, NULL, TRUE),
(53, 'PID-0052', 1, 41, 'BW-2020-0041', 3, 4, '2020-10-22', NULL, NULL, TRUE),
(54, 'PID-0052', 3, 41, 'WQ-2018-0007', 3, 1, '2018-11-20', NULL, NULL, TRUE),
(55, 'PID-0054', 1, 42, 'BW-2020-0042', 2, 4, '2020-07-18', NULL, NULL, TRUE),
(56, 'PID-0055', 1, 43, 'BW-2022-0043', 2, 1, '2022-05-03', NULL, NULL, TRUE),
(57, 'PID-0056', 1, 44, 'BW-2021-0044', 18, 1, '2021-03-23', NULL, NULL, TRUE),
(58, 'PID-0058', 1, 45, 'BW-2023-0045', 18, 4, '2023-12-07', NULL, NULL, TRUE),
(59, 'PID-0059', 1, 46, 'BW-2021-0046', 18, 1, '2021-09-11', NULL, NULL, TRUE),
(60, 'PID-0060', 1, 47, 'BW-2021-0047', 17, 1, '2021-03-12', NULL, NULL, TRUE),
(61, 'PID-0061', 1, 48, 'BW-2018-0048', 18, 1, '2018-05-15', NULL, NULL, TRUE),
(62, 'PID-0062', 1, 49, 'BW-2022-0049', 17, 1, '2022-09-11', NULL, NULL, TRUE),
(63, 'PID-0063', 1, 50, 'BW-2022-0050', 17, 1, '2022-02-18', NULL, NULL, TRUE),
(64, 'PID-0063', 4, 50, 'WW-2019-0003', 17, 1, '2019-04-06', NULL, NULL, TRUE),
(65, 'PID-0064', 1, 51, 'BW-2022-0051', 18, 1, '2022-10-28', NULL, NULL, TRUE),
(66, 'PID-0064', 4, 51, 'WW-2017-0004', 18, 1, '2017-12-05', NULL, NULL, TRUE),
(67, 'PID-0065', 1, 52, 'BW-2018-0052', 18, 4, '2018-10-18', NULL, NULL, TRUE),
(68, 'PID-0065', 4, 52, 'WW-2018-0005', 18, 5, '2018-08-08', NULL, NULL, TRUE),
(69, 'PID-0066', 1, 53, 'BW-2018-0053', 18, 5, '2018-04-28', NULL, NULL, TRUE),
(70, 'PID-0066', 2, 53, 'TW-2019-0005', 18, 1, '2019-12-03', NULL, NULL, TRUE),
(71, 'PID-0067', 1, 54, 'BW-2023-0054', 18, 1, '2023-03-20', NULL, NULL, TRUE),
(72, 'PID-0067', 2, 54, 'TW-2022-0006', 18, 1, '2022-03-30', NULL, NULL, TRUE),
(73, 'PID-0068', 1, 55, 'BW-2020-0055', 23, 1, '2020-05-30', NULL, NULL, TRUE),
(74, 'PID-0069', 1, 56, 'BW-2021-0056', 23, 4, '2021-09-03', NULL, NULL, TRUE),
(75, 'PID-0070', 1, 57, 'BW-2019-0057', 23, 1, '2019-09-18', NULL, NULL, TRUE),
(76, 'PID-0071', 1, 58, 'BW-2019-0058', 23, 5, '2019-06-01', NULL, NULL, TRUE),
(77, 'PID-0072', 1, 59, 'BW-2023-0059', 23, 1, '2023-12-28', NULL, NULL, TRUE),
(78, 'PID-0073', 1, 60, 'BW-2022-0060', 22, 1, '2022-09-09', NULL, NULL, TRUE),
(79, 'PID-0073', 3, 60, 'WQ-2022-0008', 22, 4, '2022-12-21', NULL, NULL, TRUE),
(80, 'PID-0074', 1, 61, 'BW-2018-0061', 22, 1, '2018-09-13', NULL, NULL, TRUE),
(81, 'PID-0074', 3, 61, 'WQ-2019-0009', 22, 1, '2019-04-16', NULL, NULL, TRUE),
(82, 'PID-0075', 1, 62, 'BW-2022-0062', 23, 1, '2022-05-20', NULL, NULL, TRUE),
(83, 'PID-0076', 1, 63, 'BW-2019-0063', 22, 1, '2019-09-21', NULL, NULL, TRUE),
(84, 'PID-0077', 1, 64, 'BW-2017-0064', 22, 3, '2017-06-02', NULL, NULL, TRUE),
(85, 'PID-0078', 1, 65, 'BW-2017-0065', 23, 3, '2017-02-27', NULL, NULL, TRUE),
(86, 'PID-0079', 1, 66, 'BW-2022-0066', 22, 5, '2022-05-13', NULL, NULL, TRUE),
(87, 'PID-0079', 2, 66, 'TW-2023-0007', 22, 1, '2023-10-18', NULL, NULL, TRUE),
(88, 'PID-0081', 1, 67, 'BW-2018-0067', 23, 1, '2018-04-22', NULL, NULL, TRUE),
(89, 'PID-0081', 2, 67, 'TW-2023-0008', 23, 2, '2023-07-17', NULL, NULL, TRUE),
(90, 'PID-0082', 1, 68, 'BW-2020-0068', 23, 2, '2020-11-25', NULL, NULL, TRUE),
(91, 'PID-0084', 1, 69, 'BW-2017-0069', 23, 5, '2017-03-06', NULL, NULL, TRUE),
(92, 'PID-0085', 1, 70, 'BW-2022-0070', 22, 5, '2022-11-06', NULL, NULL, TRUE),
(93, 'PID-0086', 1, 71, 'BW-2018-0071', 23, 1, '2018-08-15', NULL, NULL, TRUE),
(94, 'PID-0086', 3, 71, 'WQ-2017-0010', 23, 4, '2017-08-25', NULL, NULL, TRUE),
(95, 'PID-0087', 1, 72, 'BW-2017-0072', 22, 1, '2017-03-04', NULL, NULL, TRUE),
(96, 'PID-0087', 3, 72, 'WQ-2019-0011', 22, 1, '2019-02-18', NULL, NULL, TRUE),
(97, 'PID-0088', 1, 73, 'BW-2019-0073', 23, 1, '2019-06-26', NULL, NULL, TRUE),
(98, 'PID-0089', 1, 74, 'BW-2017-0074', 23, 1, '2017-08-29', NULL, NULL, TRUE),
(99, 'PID-0090', 1, 75, 'BW-2021-0075', 23, 2, '2021-10-30', NULL, NULL, TRUE),
(100, 'PID-0091', 1, 76, 'BW-2021-0076', 22, 1, '2021-11-13', NULL, NULL, TRUE),
(101, 'PID-0092', 1, 77, 'BW-2017-0077', 23, 4, '2017-11-18', NULL, NULL, TRUE),
(102, 'PID-0093', 1, 78, 'BW-2017-0078', 13, 1, '2017-12-24', NULL, NULL, TRUE),
(103, 'PID-0095', 1, 79, 'BW-2017-0079', 13, 1, '2017-01-28', NULL, NULL, TRUE),
(104, 'PID-0097', 1, 80, 'BW-2017-0080', 12, 4, '2017-10-11', NULL, NULL, TRUE),
(105, 'PID-0099', 1, 81, 'BW-2022-0081', 13, 1, '2022-03-12', NULL, NULL, TRUE),
(106, 'PID-0101', 1, 82, 'BW-2021-0082', 3, 1, '2021-10-13', NULL, NULL, TRUE),
(107, 'PID-0102', 2, 83, 'TW-2023-0009', 3, 1, '2023-01-09', NULL, NULL, TRUE),
(108, 'PID-0103', 1, 84, 'BW-2020-0083', 3, 4, '2020-05-03', NULL, NULL, TRUE),
(109, 'PID-0104', 1, 85, 'BW-2018-0084', 3, 4, '2018-12-11', NULL, NULL, TRUE),
(110, 'PID-0105', 1, 86, 'BW-2021-0085', 3, 2, '2021-12-24', NULL, NULL, TRUE),
(111, 'PID-0105', 3, 86, 'WQ-2019-0012', 3, 1, '2019-06-23', NULL, NULL, TRUE),
(112, 'PID-0107', 1, 88, 'BW-2020-0086', 3, 3, '2020-12-07', NULL, NULL, TRUE),
(113, 'PID-0109', 1, 90, 'BW-2018-0087', 3, 4, '2018-01-17', NULL, NULL, TRUE),
(114, 'PID-0111', 1, 92, 'BW-2018-0088', 3, 2, '2018-06-25', NULL, NULL, TRUE),
(115, 'PID-0112', 1, 93, 'BW-2022-0089', 3, 1, '2022-05-08', NULL, NULL, TRUE),
(116, 'PID-0112', 2, 93, 'TW-2022-0010', 3, 1, '2022-10-29', NULL, NULL, TRUE),
(117, 'PID-0112', 4, 93, 'WW-2018-0006', 3, 2, '2018-05-09', NULL, NULL, TRUE),
(118, 'PID-0113', 1, 94, 'BW-2017-0090', 3, 2, '2017-10-08', NULL, NULL, TRUE),
(119, 'PID-0113', 3, 94, 'WQ-2021-0013', 3, 2, '2021-12-08', NULL, NULL, TRUE),
(120, 'PID-0114', 1, 95, 'BW-2019-0091', 3, 1, '2019-10-14', NULL, NULL, TRUE),
(121, 'PID-0115', 1, 96, 'BW-2017-0092', 3, 1, '2017-10-18', NULL, NULL, TRUE),
(122, 'PID-0116', 1, 97, 'BW-2022-0093', 3, 1, '2022-08-15', NULL, NULL, TRUE),
(123, 'PID-0117', 1, 98, 'BW-2019-0094', 3, 5, '2019-09-05', NULL, NULL, TRUE),
(124, 'PID-0117', 2, 98, 'TW-2021-0011', 3, 1, '2021-11-15', NULL, NULL, TRUE),
(125, 'PID-0117', 3, 98, 'WQ-2017-0014', 3, 1, '2017-08-14', NULL, NULL, TRUE),
(126, 'PID-0118', 1, 99, 'BW-2018-0095', 3, 4, '2018-04-29', NULL, NULL, TRUE),
(127, 'PID-0118', 3, 99, 'WQ-2020-0015', 3, 3, '2020-01-20', NULL, NULL, TRUE),
(128, 'PID-0119', 3, 100, 'WQ-2017-0016', 3, 3, '2017-01-11', NULL, NULL, TRUE),
(129, 'PID-0119', 4, 100, 'WW-2019-0007', 3, 4, '2019-09-29', NULL, NULL, TRUE),
(130, 'PID-0120', 1, 101, 'BW-2020-0096', 3, 2, '2020-01-17', NULL, NULL, TRUE),
(131, 'PID-0121', 1, 102, 'BW-2020-0097', 3, 1, '2020-04-09', NULL, NULL, TRUE),
(132, 'PID-0123', 1, 104, 'BW-2021-0098', 3, 1, '2021-06-04', NULL, NULL, TRUE),
(133, 'PID-0123', 2, 104, 'TW-2021-0012', 3, 1, '2021-11-17', NULL, NULL, TRUE),
(134, 'PID-0124', 1, 105, 'BW-2021-0099', 3, 1, '2021-07-24', NULL, NULL, TRUE),
(135, 'PID-0124', 2, 105, 'TW-2019-0013', 3, 1, '2019-05-01', NULL, NULL, TRUE),
(136, 'PID-0125', 1, 106, 'BW-2017-0100', 8, 1, '2017-12-11', NULL, NULL, TRUE),
(137, 'PID-0126', 1, 107, 'BW-2020-0101', 8, 1, '2020-12-20', NULL, NULL, TRUE),
(138, 'PID-0126', 2, 107, 'TW-2020-0014', 8, 1, '2020-02-21', NULL, NULL, TRUE),
(139, 'PID-0128', 1, 109, 'BW-2019-0102', 8, 3, '2019-08-12', NULL, NULL, TRUE),
(140, 'PID-0128', 3, 109, 'WQ-2019-0017', 8, 2, '2019-12-28', NULL, NULL, TRUE),
(141, 'PID-0129', 1, 110, 'BW-2023-0103', 8, 1, '2023-05-15', NULL, NULL, TRUE),
(142, 'PID-0130', 2, 111, 'TW-2020-0015', 8, 1, '2020-08-18', NULL, NULL, TRUE),
(143, 'PID-0130', 3, 111, 'WQ-2018-0018', 8, 1, '2018-08-04', NULL, NULL, TRUE),
(144, 'PID-0132', 1, 113, 'BW-2023-0104', 8, 5, '2023-05-14', NULL, NULL, TRUE),
(145, 'PID-0132', 2, 113, 'TW-2023-0016', 8, 1, '2023-11-10', NULL, NULL, TRUE),
(146, 'PID-0133', 1, 114, 'BW-2020-0105', 8, 2, '2020-12-06', NULL, NULL, TRUE),
(147, 'PID-0133', 2, 114, 'TW-2017-0017', 8, 1, '2017-01-06', NULL, NULL, TRUE),
(148, 'PID-0133', 3, 114, 'WQ-2021-0019', 8, 1, '2021-09-15', NULL, NULL, TRUE),
(149, 'PID-0134', 2, 115, 'TW-2019-0018', 8, 1, '2019-12-06', NULL, NULL, TRUE),
(150, 'PID-0135', 1, 116, 'BW-2017-0106', 8, 1, '2017-08-08', NULL, NULL, TRUE),
(151, 'PID-0135', 2, 116, 'TW-2019-0019', 8, 1, '2019-02-18', NULL, NULL, TRUE),
(152, 'PID-0136', 1, 117, 'BW-2023-0107', 8, 1, '2023-09-25', NULL, NULL, TRUE),
(153, 'PID-0136', 3, 117, 'WQ-2020-0020', 8, 1, '2020-04-10', NULL, NULL, TRUE),
(154, 'PID-0137', 1, 118, 'BW-2019-0108', 8, 1, '2019-07-16', NULL, NULL, TRUE),
(155, 'PID-0139', 1, 120, 'BW-2021-0109', 8, 1, '2021-11-19', NULL, NULL, TRUE),
(156, 'PID-0139', 2, 120, 'TW-2018-0020', 8, 4, '2018-08-29', NULL, NULL, TRUE),
(157, 'PID-0140', 1, 121, 'BW-2023-0110', 8, 1, '2023-05-10', NULL, NULL, TRUE),
(158, 'PID-0141', 1, 122, 'BW-2021-0111', 8, 1, '2021-07-04', NULL, NULL, TRUE),
(159, 'PID-0141', 2, 122, 'TW-2020-0021', 8, 4, '2020-09-19', NULL, NULL, TRUE),
(160, 'PID-0141', 4, 122, 'WW-2020-0008', 8, 1, '2020-01-06', NULL, NULL, TRUE),
(161, 'PID-0142', 1, 123, 'BW-2021-0112', 8, 1, '2021-12-15', NULL, NULL, TRUE),
(162, 'PID-0142', 2, 123, 'TW-2022-0022', 8, 4, '2022-06-08', NULL, NULL, TRUE),
(163, 'PID-0143', 2, 124, 'TW-2018-0023', 17, 4, '2018-01-06', NULL, NULL, TRUE),
(164, 'PID-0144', 1, 125, 'BW-2019-0113', 17, 3, '2019-07-06', NULL, NULL, TRUE),
(165, 'PID-0144', 2, 125, 'TW-2020-0024', 17, 3, '2020-06-05', NULL, NULL, TRUE),
(166, 'PID-0147', 1, 128, 'BW-2022-0114', 17, 1, '2022-05-03', NULL, NULL, TRUE),
(167, 'PID-0148', 1, 129, 'BW-2020-0115', 17, 1, '2020-06-11', NULL, NULL, TRUE),
(168, 'PID-0149', 1, 130, 'BW-2018-0116', 17, 4, '2018-07-17', NULL, NULL, TRUE),
(169, 'PID-0150', 1, 131, 'BW-2018-0117', 17, 3, '2018-11-22', NULL, NULL, TRUE),
(170, 'PID-0151', 1, 132, 'BW-2019-0118', 17, 2, '2019-10-17', NULL, NULL, TRUE),
(171, 'PID-0151', 2, 132, 'TW-2020-0025', 17, 4, '2020-07-02', NULL, NULL, TRUE),
(172, 'PID-0151', 3, 132, 'WQ-2023-0021', 17, 1, '2023-08-09', NULL, NULL, TRUE),
(173, 'PID-0152', 1, 133, 'BW-2021-0119', 17, 4, '2021-07-11', NULL, NULL, TRUE),
(174, 'PID-0152', 2, 133, 'TW-2018-0026', 17, 1, '2018-06-22', NULL, NULL, TRUE),
(175, 'PID-0152', 4, 133, 'WW-2018-0009', 17, 1, '2018-05-20', NULL, NULL, TRUE),
(176, 'PID-0153', 1, 134, 'BW-2023-0120', 17, 1, '2023-02-20', NULL, NULL, TRUE),
(177, 'PID-0153', 2, 134, 'TW-2019-0027', 17, 2, '2019-04-22', NULL, NULL, TRUE),
(178, 'PID-0154', 1, 135, 'BW-2019-0121', 17, 1, '2019-12-14', NULL, NULL, TRUE),
(179, 'PID-0155', 1, 136, 'BW-2019-0122', 17, 2, '2019-11-15', NULL, NULL, TRUE),
(180, 'PID-0156', 1, 137, 'BW-2021-0123', 17, 1, '2021-01-04', NULL, NULL, TRUE),
(181, 'PID-0157', 1, 138, 'BW-2017-0124', 17, 2, '2017-08-29', NULL, NULL, TRUE),
(182, 'PID-0158', 1, 139, 'BW-2017-0125', 17, 2, '2017-02-20', NULL, NULL, TRUE),
(183, 'PID-0159', 3, 140, 'WQ-2022-0022', 17, 5, '2022-09-02', NULL, NULL, TRUE),
(184, 'PID-0160', 1, 141, 'BW-2023-0126', 17, 1, '2023-06-06', NULL, NULL, TRUE),
(185, 'PID-0161', 1, 142, 'BW-2020-0127', 17, 1, '2020-10-28', NULL, NULL, TRUE),
(186, 'PID-0161', 3, 142, 'WQ-2022-0023', 17, 1, '2022-02-05', NULL, NULL, TRUE),
(187, 'PID-0162', 1, 143, 'BW-2018-0128', 17, 1, '2018-11-04', NULL, NULL, TRUE),
(188, 'PID-0163', 1, 144, 'BW-2018-0129', 2, 4, '2018-03-01', NULL, NULL, TRUE),
(189, 'PID-0164', 1, 145, 'BW-2023-0130', 2, 1, '2023-03-18', NULL, NULL, TRUE),
(190, 'PID-0165', 1, 146, 'BW-2021-0131', 2, 5, '2021-09-06', NULL, NULL, TRUE),
(191, 'PID-0166', 1, 147, 'BW-2020-0132', 2, 1, '2020-04-23', NULL, NULL, TRUE),
(192, 'PID-0166', 2, 147, 'TW-2021-0028', 2, 1, '2021-01-09', NULL, NULL, TRUE),
(193, 'PID-0168', 2, 149, 'TW-2022-0029', 2, 5, '2022-10-06', NULL, NULL, TRUE),
(194, 'PID-0168', 3, 149, 'WQ-2020-0024', 2, 1, '2020-02-18', NULL, NULL, TRUE),
(195, 'PID-0169', 1, 150, 'BW-2020-0133', 2, 1, '2020-07-25', NULL, NULL, TRUE),
(196, 'PID-0170', 1, 151, 'BW-2017-0134', 2, 5, '2017-02-06', NULL, NULL, TRUE),
(197, 'PID-0170', 2, 151, 'TW-2019-0030', 2, 1, '2019-09-12', NULL, NULL, TRUE),
(198, 'PID-0171', 1, 152, 'BW-2019-0135', 2, 1, '2019-02-28', NULL, NULL, TRUE),
(199, 'PID-0171', 2, 152, 'TW-2018-0031', 2, 1, '2018-01-29', NULL, NULL, TRUE),
(200, 'PID-0172', 1, 153, 'BW-2020-0136', 2, 1, '2020-09-20', NULL, NULL, TRUE),
(201, 'PID-0172', 2, 153, 'TW-2018-0032', 2, 1, '2018-12-31', NULL, NULL, TRUE),
(202, 'PID-0173', 1, 154, 'BW-2020-0137', 2, 1, '2020-04-02', NULL, NULL, TRUE),
(203, 'PID-0174', 1, 155, 'BW-2023-0138', 2, 5, '2023-03-18', NULL, NULL, TRUE),
(204, 'PID-0174', 3, 155, 'WQ-2023-0025', 2, 1, '2023-06-04', NULL, NULL, TRUE),
(205, 'PID-0175', 1, 156, 'BW-2020-0139', 23, 1, '2020-03-13', NULL, NULL, TRUE),
(206, 'PID-0176', 1, 157, 'BW-2022-0140', 23, 3, '2022-05-20', NULL, NULL, TRUE),
(207, 'PID-0177', 1, 158, 'BW-2023-0141', 23, 4, '2023-06-30', NULL, NULL, TRUE),
(208, 'PID-0178', 1, 159, 'BW-2023-0142', 23, 2, '2023-11-21', NULL, NULL, TRUE),
(209, 'PID-0179', 1, 160, 'BW-2019-0143', 23, 1, '2019-04-27', NULL, NULL, TRUE),
(210, 'PID-0180', 1, 161, 'BW-2022-0144', 23, 4, '2022-10-18', NULL, NULL, TRUE),
(211, 'PID-0180', 2, 161, 'TW-2019-0033', 23, 5, '2019-07-02', NULL, NULL, TRUE),
(212, 'PID-0181', 1, 162, 'BW-2019-0145', 23, 1, '2019-08-02', NULL, NULL, TRUE),
(213, 'PID-0182', 1, 163, 'BW-2021-0146', 23, 1, '2021-07-19', NULL, NULL, TRUE),
(214, 'PID-0182', 4, 163, 'WW-2020-0010', 23, 2, '2020-03-07', NULL, NULL, TRUE),
(215, 'PID-0183', 1, 164, 'BW-2022-0147', 23, 1, '2022-02-01', NULL, NULL, TRUE),
(216, 'PID-0183', 3, 164, 'WQ-2018-0026', 23, 1, '2018-06-26', NULL, NULL, TRUE),
(217, 'PID-0184', 1, 165, 'BW-2023-0148', 23, 2, '2023-10-08', NULL, NULL, TRUE),
(218, 'PID-0184', 3, 165, 'WQ-2021-0027', 23, 5, '2021-11-03', NULL, NULL, TRUE),
(219, 'PID-0185', 1, 166, 'BW-2017-0149', 23, 3, '2017-12-10', NULL, NULL, TRUE),
(220, 'PID-0185', 2, 166, 'TW-2021-0034', 23, 4, '2021-08-01', NULL, NULL, TRUE),
(221, 'PID-0185', 4, 166, 'WW-2017-0011', 23, 3, '2017-01-30', NULL, NULL, TRUE),
(222, 'PID-0186', 1, 167, 'BW-2021-0150', 23, 5, '2021-06-16', NULL, NULL, TRUE),
(223, 'PID-0187', 1, 168, 'BW-2018-0151', 23, 2, '2018-10-25', NULL, NULL, TRUE),
(224, 'PID-0187', 2, 168, 'TW-2020-0035', 23, 1, '2020-10-18', NULL, NULL, TRUE),
(225, 'PID-0188', 1, 169, 'BW-2021-0152', 23, 1, '2021-04-24', NULL, NULL, TRUE),
(226, 'PID-0190', 1, 171, 'BW-2017-0153', 22, 1, '2017-10-24', NULL, NULL, TRUE),
(227, 'PID-0192', 1, 173, 'BW-2020-0154', 22, 3, '2020-11-01', NULL, NULL, TRUE),
(228, 'PID-0192', 2, 173, 'TW-2022-0036', 22, 5, '2022-05-06', NULL, NULL, TRUE),
(229, 'PID-0193', 1, 174, 'BW-2018-0155', 22, 3, '2018-05-07', NULL, NULL, TRUE),
(230, 'PID-0195', 1, 176, 'BW-2017-0156', 22, 1, '2017-02-04', NULL, NULL, TRUE),
(231, 'PID-0195', 2, 176, 'TW-2023-0037', 22, 1, '2023-07-08', NULL, NULL, TRUE),
(232, 'PID-0195', 3, 176, 'WQ-2019-0028', 22, 1, '2019-11-30', NULL, NULL, TRUE),
(233, 'PID-0196', 1, 177, 'BW-2023-0157', 22, 1, '2023-06-17', NULL, NULL, TRUE),
(234, 'PID-0197', 2, 178, 'TW-2023-0038', 22, 1, '2023-05-15', NULL, NULL, TRUE),
(235, 'PID-0197', 3, 178, 'WQ-2018-0029', 22, 1, '2018-11-01', NULL, NULL, TRUE),
(236, 'PID-0198', 1, 179, 'BW-2023-0158', 22, 4, '2023-10-17', NULL, NULL, TRUE),
(237, 'PID-0198', 2, 179, 'TW-2023-0039', 22, 1, '2023-01-15', NULL, NULL, TRUE),
(238, 'PID-0199', 1, 180, 'BW-2017-0159', 22, 1, '2017-10-20', NULL, NULL, TRUE),
(239, 'PID-0199', 2, 180, 'TW-2020-0040', 22, 1, '2020-07-08', NULL, NULL, TRUE),
(240, 'PID-0200', 1, 181, 'BW-2019-0160', 22, 1, '2019-10-28', NULL, NULL, TRUE),
(241, 'PID-0201', 1, 182, 'BW-2020-0161', 22, 1, '2020-03-09', NULL, NULL, TRUE),
(242, 'PID-0201', 3, 182, 'WQ-2018-0030', 22, 1, '2018-11-30', NULL, NULL, TRUE),
(243, 'PID-0201', 4, 182, 'WW-2020-0012', 22, 2, '2020-08-25', NULL, NULL, TRUE),
(244, 'PID-0202', 1, 183, 'BW-2021-0162', 22, 3, '2021-12-15', NULL, NULL, TRUE),
(245, 'PID-0202', 2, 183, 'TW-2018-0041', 22, 1, '2018-09-30', NULL, NULL, TRUE),
(246, 'PID-0202', 4, 183, 'WW-2018-0013', 22, 4, '2018-07-13', NULL, NULL, TRUE),
(247, 'PID-0203', 1, 184, 'BW-2021-0163', 22, 4, '2021-11-26', NULL, NULL, TRUE),
(248, 'PID-0205', 1, 186, 'BW-2018-0164', 22, 1, '2018-09-10', NULL, NULL, TRUE),
(249, 'PID-0205', 2, 186, 'TW-2021-0042', 22, 1, '2021-09-18', NULL, NULL, TRUE),
(250, 'PID-0206', 1, 187, 'BW-2019-0165', 3, 1, '2019-05-04', NULL, NULL, TRUE),
(251, 'PID-0207', 1, 188, 'BW-2020-0166', 3, 1, '2020-02-05', NULL, NULL, TRUE),
(252, 'PID-0208', 1, 189, 'BW-2018-0167', 3, 3, '2018-03-16', NULL, NULL, TRUE),
(253, 'PID-0208', 3, 189, 'WQ-2023-0031', 3, 1, '2023-04-07', NULL, NULL, TRUE),
(254, 'PID-0209', 1, 190, 'BW-2023-0168', 3, 1, '2023-05-11', NULL, NULL, TRUE),
(255, 'PID-0209', 3, 190, 'WQ-2022-0032', 3, 1, '2022-04-03', NULL, NULL, TRUE),
(256, 'PID-0210', 1, 191, 'BW-2019-0169', 3, 1, '2019-01-30', NULL, NULL, TRUE),
(257, 'PID-0211', 1, 192, 'BW-2022-0170', 3, 1, '2022-11-14', NULL, NULL, TRUE),
(258, 'PID-0212', 1, 193, 'BW-2017-0171', 3, 1, '2017-10-18', NULL, NULL, TRUE),
(259, 'PID-0212', 3, 193, 'WQ-2022-0033', 3, 5, '2022-07-06', NULL, NULL, TRUE),
(260, 'PID-0213', 3, 194, 'WQ-2022-0034', 3, 1, '2022-10-29', NULL, NULL, TRUE),
(261, 'PID-0214', 1, 195, 'BW-2021-0172', 3, 3, '2021-10-16', NULL, NULL, TRUE),
(262, 'PID-0215', 1, 196, 'BW-2019-0173', 3, 1, '2019-05-27', NULL, NULL, TRUE),
(263, 'PID-0216', 1, 197, 'BW-2020-0174', 3, 1, '2020-07-13', NULL, NULL, TRUE),
(264, 'PID-0216', 3, 197, 'WQ-2020-0035', 3, 3, '2020-02-05', NULL, NULL, TRUE),
(265, 'PID-0217', 1, 198, 'BW-2017-0175', 3, 1, '2017-11-13', NULL, NULL, TRUE),
(266, 'PID-0218', 1, 199, 'BW-2019-0176', 3, 4, '2019-07-18', NULL, NULL, TRUE),
(267, 'PID-0220', 1, 201, 'BW-2020-0177', 7, 3, '2020-08-17', NULL, NULL, TRUE),
(268, 'PID-0222', 1, 203, 'BW-2020-0178', 7, 1, '2020-09-21', NULL, NULL, TRUE),
(269, 'PID-0223', 1, 204, 'BW-2023-0179', 7, 1, '2023-12-07', NULL, NULL, TRUE),
(270, 'PID-0224', 3, 205, 'WQ-2023-0036', 7, 1, '2023-09-12', NULL, NULL, TRUE),
(271, 'PID-0225', 1, 206, 'BW-2020-0180', 7, 1, '2020-05-23', NULL, NULL, TRUE),
(272, 'PID-0226', 1, 207, 'BW-2021-0181', 7, 1, '2021-10-13', NULL, NULL, TRUE),
(273, 'PID-0227', 1, 208, 'BW-2018-0182', 7, 1, '2018-04-30', NULL, NULL, TRUE),
(274, 'PID-0227', 3, 208, 'WQ-2018-0037', 7, 3, '2018-08-20', NULL, NULL, TRUE),
(275, 'PID-0228', 1, 209, 'BW-2023-0183', 7, 1, '2023-11-12', NULL, NULL, TRUE),
(276, 'PID-0229', 1, 210, 'BW-2019-0184', 7, 1, '2019-07-16', NULL, NULL, TRUE),
(277, 'PID-0229', 3, 210, 'WQ-2017-0038', 7, 3, '2017-03-03', NULL, NULL, TRUE),
(278, 'PID-0230', 1, 211, 'BW-2017-0185', 23, 1, '2017-06-23', NULL, NULL, TRUE),
(279, 'PID-0231', 1, 212, 'BW-2023-0186', 23, 1, '2023-11-17', NULL, NULL, TRUE),
(280, 'PID-0232', 1, 213, 'BW-2022-0187', 23, 1, '2022-02-02', NULL, NULL, TRUE),
(281, 'PID-0233', 1, 214, 'BW-2023-0188', 23, 1, '2023-03-05', NULL, NULL, TRUE),
(282, 'PID-0234', 1, 215, 'BW-2019-0189', 23, 1, '2019-04-11', NULL, NULL, TRUE),
(283, 'PID-0234', 3, 215, 'WQ-2017-0039', 23, 3, '2017-02-20', NULL, NULL, TRUE),
(284, 'PID-0235', 1, 216, 'BW-2023-0190', 23, 1, '2023-12-14', NULL, NULL, TRUE),
(285, 'PID-0236', 1, 217, 'BW-2020-0191', 23, 1, '2020-03-10', NULL, NULL, TRUE),
(286, 'PID-0237', 1, 218, 'BW-2020-0192', 23, 1, '2020-01-30', NULL, NULL, TRUE),
(287, 'PID-0238', 1, 219, 'BW-2023-0193', 23, 1, '2023-12-28', NULL, NULL, TRUE),
(288, 'PID-0239', 1, 220, 'BW-2019-0194', 23, 1, '2019-04-30', NULL, NULL, TRUE),
(289, 'PID-0240', 1, 221, 'BW-2023-0195', 23, 1, '2023-05-20', NULL, NULL, TRUE),
(290, 'PID-0241', 3, 222, 'WQ-2023-0040', 23, 1, '2023-05-04', NULL, NULL, TRUE),
(291, 'PID-0242', 1, 223, 'BW-2019-0196', 23, 5, '2019-06-05', NULL, NULL, TRUE),
(292, 'PID-0243', 1, 224, 'BW-2022-0197', 23, 1, '2022-10-16', NULL, NULL, TRUE),
(293, 'PID-0244', 1, 225, 'BW-2019-0198', 23, 3, '2019-05-10', NULL, NULL, TRUE),
(294, 'PID-0246', 1, 227, 'BW-2023-0199', 23, 1, '2023-08-25', NULL, NULL, TRUE),
(295, 'PID-0247', 1, 228, 'BW-2019-0200', 23, 4, '2019-11-23', NULL, NULL, TRUE),
(296, 'PID-0248', 1, 229, 'BW-2018-0201', 23, 1, '2018-03-15', NULL, NULL, TRUE),
(297, 'PID-0249', 1, 230, 'BW-2020-0202', 23, 1, '2020-11-02', NULL, NULL, TRUE),
(298, 'PID-0251', 1, 231, 'BW-2019-0203', 8, 4, '2019-06-10', '2020-11-23', 'Participant relocated', TRUE),
(299, 'PID-0250', 1, 231, 'BW-2020-0204', 8, 1, '2020-10-27', NULL, NULL, TRUE),
(300, 'PID-0253', 1, 232, 'BW-2017-0205', 8, 4, '2017-10-12', '2018-10-19', 'Participant relocated', TRUE),
(301, 'PID-0252', 1, 232, 'BW-2020-0206', 8, 5, '2020-03-04', NULL, NULL, TRUE),
(302, 'PID-0256', 1, 234, 'BW-2020-0207', 8, 4, '2020-12-14', '2022-06-24', 'Participant relocated', TRUE),
(303, 'PID-0255', 1, 234, 'BW-2022-0208', 8, 5, '2022-05-19', NULL, NULL, TRUE),
(304, 'PID-0257', 1, 235, 'BW-2023-0209', 8, 1, '2023-06-09', NULL, NULL, TRUE),
(305, 'PID-0258', 1, 236, 'BW-2023-0210', 8, 1, '2023-03-19', NULL, NULL, TRUE),
(306, 'PID-0260', 1, 237, 'BW-2017-0211', 8, 4, '2017-03-09', '2018-08-22', 'Participant relocated', TRUE),
(307, 'PID-0261', 1, 238, 'BW-2023-0212', 8, 1, '2023-08-08', NULL, NULL, TRUE),
(308, 'PID-0263', 1, 239, 'BW-2018-0213', 18, 4, '2018-11-23', '2021-04-14', 'Participant relocated', TRUE),
(309, 'PID-0262', 1, 239, 'BW-2021-0214', 18, 1, '2021-11-17', NULL, NULL, TRUE),
(310, 'PID-0265', 1, 240, 'BW-2020-0215', 18, 4, '2020-09-06', '2022-12-28', 'Participant relocated', TRUE),
(311, 'PID-0264', 1, 240, 'BW-2023-0216', 18, 1, '2023-06-22', NULL, NULL, TRUE),
(312, 'PID-0266', 1, 241, 'BW-2021-0217', 18, 1, '2021-06-11', NULL, NULL, TRUE),
(313, 'PID-0268', 1, 242, 'BW-2017-0218', 18, 4, '2017-02-08', '2018-12-29', 'Participant relocated', TRUE),
(314, 'PID-0267', 1, 242, 'BW-2023-0219', 18, 1, '2023-01-12', NULL, NULL, TRUE),
(315, 'PID-0270', 1, 243, 'BW-2019-0220', 18, 4, '2019-12-31', '2021-06-11', 'Participant relocated', TRUE),
(316, 'PID-0269', 1, 243, 'BW-2020-0221', 18, 5, '2020-05-23', NULL, NULL, TRUE),
(317, 'PID-0272', 1, 244, 'BW-2019-0222', 18, 4, '2019-12-30', '2021-09-30', 'Participant relocated', TRUE),
(318, 'PID-0271', 1, 244, 'BW-2020-0223', 18, 1, '2020-06-22', NULL, NULL, TRUE),
(319, 'PID-0274', 1, 245, 'BW-2017-0224', 18, 4, '2017-07-19', '2019-04-27', 'Participant relocated', TRUE),
(320, 'PID-0273', 1, 245, 'BW-2020-0225', 18, 1, '2020-03-16', NULL, NULL, TRUE),
(321, 'PID-0275', 1, 246, 'BW-2020-0226', 18, 5, '2020-10-08', NULL, NULL, TRUE),
(322, 'PID-0276', 1, 247, 'BW-2020-0227', 18, 1, '2020-09-30', NULL, NULL, TRUE),
(323, 'PID-0277', 1, 248, 'BW-2021-0228', 18, 1, '2021-02-26', NULL, NULL, TRUE),
(324, 'PID-0279', 1, 249, 'BW-2017-0229', 2, 4, '2017-03-01', '2019-01-06', 'Participant relocated', TRUE),
(325, 'PID-0278', 1, 249, 'BW-2020-0230', 2, 5, '2020-04-20', NULL, NULL, TRUE),
(326, 'PID-0281', 1, 250, 'BW-2017-0231', 2, 4, '2017-10-07', '2019-07-17', 'Participant relocated', TRUE),
(327, 'PID-0280', 1, 250, 'BW-2022-0232', 2, 5, '2022-02-08', NULL, NULL, TRUE),
(328, 'PID-0282', 1, 251, 'BW-2023-0233', 2, 1, '2023-05-21', NULL, NULL, TRUE),
(329, 'PID-0284', 1, 252, 'BW-2019-0234', 2, 4, '2019-05-22', '2021-05-14', 'Participant relocated', TRUE),
(330, 'PID-0283', 1, 252, 'BW-2021-0235', 2, 5, '2021-05-20', NULL, NULL, TRUE),
(331, 'PID-0285', 1, 253, 'BW-2021-0236', 2, 1, '2021-05-04', NULL, NULL, TRUE),
(332, 'PID-0287', 1, 254, 'BW-2020-0237', 2, 4, '2020-11-03', '2021-07-23', 'Participant relocated', TRUE),
(333, 'PID-0289', 1, 255, 'BW-2017-0238', 2, 4, '2017-09-09', '2019-07-02', 'Participant relocated', TRUE),
(334, 'PID-0288', 1, 255, 'BW-2021-0239', 2, 1, '2021-04-06', NULL, NULL, TRUE),
(335, 'PID-0290', 1, 256, 'BW-2021-0240', 2, 5, '2021-07-19', NULL, NULL, TRUE),
(336, 'PID-0292', 1, 257, 'BW-2020-0241', 2, 4, '2020-01-29', '2021-10-25', 'Participant relocated', TRUE),
(337, 'PID-0291', 1, 257, 'BW-2021-0242', 2, 1, '2021-01-22', NULL, NULL, TRUE),
(338, 'PID-0294', 1, 258, 'BW-2018-0243', 2, 4, '2018-02-25', '2020-03-21', 'Participant relocated', TRUE),
(339, 'PID-0293', 1, 258, 'BW-2023-0244', 2, 5, '2023-12-28', NULL, NULL, TRUE),
(340, 'PID-0296', 1, 259, 'BW-2020-0245', 2, 4, '2020-03-03', '2021-11-25', 'Participant relocated', TRUE),
(341, 'PID-0295', 1, 259, 'BW-2020-0246', 2, 1, '2020-01-09', NULL, NULL, TRUE),
(342, 'PID-0297', 1, 260, 'BW-2021-0247', 2, 1, '2021-03-30', NULL, NULL, TRUE),
(343, 'PID-0298', 1, 261, 'BW-2019-0248', 2, 1, '2019-03-18', NULL, NULL, TRUE),
(344, 'PID-0298', 2, 261, 'TW-2019-0043', 2, 1, '2019-03-18', NULL, NULL, TRUE),
(345, 'PID-0298', 3, 261, 'WQ-2019-0041', 2, 1, '2019-03-18', NULL, NULL, TRUE),
(346, 'PID-0298', 4, 261, 'WW-2019-0014', 2, 1, '2019-03-18', NULL, NULL, TRUE),
(347, 'PID-0299', 1, 262, 'BW-2018-0249', 7, 1, '2018-10-08', NULL, NULL, TRUE),
(348, 'PID-0299', 2, 262, 'TW-2018-0044', 7, 1, '2018-10-08', NULL, NULL, TRUE),
(349, 'PID-0299', 3, 262, 'WQ-2018-0042', 7, 1, '2018-10-08', NULL, NULL, TRUE),
(350, 'PID-0299', 4, 262, 'WW-2018-0015', 7, 1, '2018-10-08', NULL, NULL, TRUE),
(351, 'PID-0300', 1, 263, 'BW-2020-0250', 18, 1, '2020-05-04', NULL, NULL, TRUE),
(352, 'PID-0300', 2, 263, 'TW-2020-0045', 18, 1, '2020-05-04', NULL, NULL, TRUE),
(353, 'PID-0300', 3, 263, 'WQ-2020-0043', 18, 1, '2020-05-04', NULL, NULL, TRUE),
(354, 'PID-0300', 4, 263, 'WW-2020-0016', 18, 1, '2020-05-04', NULL, NULL, TRUE),
(355, 'PID-0301', 1, 264, 'BW-2019-0251', 23, 1, '2019-06-16', NULL, NULL, TRUE),
(356, 'PID-0301', 2, 264, 'TW-2019-0046', 23, 1, '2019-06-16', NULL, NULL, TRUE),
(357, 'PID-0301', 3, 264, 'WQ-2019-0044', 23, 1, '2019-06-16', NULL, NULL, TRUE),
(358, 'PID-0301', 4, 264, 'WW-2019-0017', 23, 1, '2019-06-16', NULL, NULL, TRUE),
(359, 'PID-0302', 1, 265, 'BW-2016-0252', 7, 4, '2016-07-15', '2019-01-13', 'Relocated to different address', TRUE),
(360, 'PID-0302', 1, 266, 'BW-2019-0253', 22, 1, '2019-08-11', NULL, NULL, TRUE),
(361, 'PID-0303', 1, 267, 'BW-2019-0254', 7, 4, '2019-05-08', '2021-10-24', 'Relocated to different address', TRUE),
(362, 'PID-0303', 1, 268, 'BW-2022-0255', 13, 1, '2022-02-19', NULL, NULL, TRUE),
(363, 'PID-0304', 1, 269, 'BW-2019-0256', 2, 4, '2019-04-18', '2020-11-07', 'Relocated to different address', TRUE),
(364, 'PID-0304', 1, 270, 'BW-2021-0257', 2, 1, '2021-06-04', NULL, NULL, TRUE),
(365, 'PID-0305', 1, 271, 'BW-2017-0258', 7, 4, '2017-12-27', '2020-01-19', 'Relocated to different address', TRUE),
(366, 'PID-0305', 1, 272, 'BW-2020-0259', 2, 1, '2020-06-06', NULL, NULL, TRUE),
(367, 'PID-0306', 1, 273, 'BW-2018-0260', 18, 4, '2018-03-22', '2020-06-12', 'Relocated to different address', TRUE),
(368, 'PID-0306', 1, 274, 'BW-2020-0261', 23, 1, '2020-08-24', NULL, NULL, TRUE),
(369, 'PID-0307', 1, 275, 'BW-2017-0262', 18, 4, '2017-05-28', '2019-10-11', 'Relocated to different address', TRUE),
(370, 'PID-0307', 1, 276, 'BW-2020-0263', 23, 1, '2020-03-07', NULL, NULL, TRUE),
(371, 'PID-0308', 1, 277, 'BW-2018-0264', 3, 4, '2018-07-10', '2020-05-27', 'Relocated to different address', TRUE),
(372, 'PID-0308', 1, 278, 'BW-2021-0265', 18, 1, '2021-02-07', NULL, NULL, TRUE),
(373, 'PID-0309', 1, 279, 'BW-2017-0266', 3, 4, '2017-10-18', '2018-12-19', 'Relocated to different address', TRUE),
(374, 'PID-0309', 1, 280, 'BW-2019-0267', 23, 1, '2019-11-16', NULL, NULL, TRUE),
(375, 'PID-0310', 1, 281, 'BW-2017-0268', 2, 4, '2017-06-30', '2018-07-20', 'Relocated to different address', TRUE),
(376, 'PID-0310', 1, 282, 'BW-2019-0269', 23, 1, '2019-06-16', NULL, NULL, TRUE),
(377, 'PID-0311', 2, 283, 'TW-2019-0047', 18, 4, '2019-04-27', '2021-04-05', 'Relocated to different address', TRUE),
(378, 'PID-0311', 2, 284, 'TW-2021-0048', 22, 1, '2021-06-08', NULL, NULL, TRUE),
(379, 'PID-0312', 1, 285, 'BW-2018-0270', 17, 4, '2018-12-05', '2020-06-27', 'Relocated to different address', TRUE),
(380, 'PID-0312', 1, 286, 'BW-2021-0271', 12, 1, '2021-03-20', NULL, NULL, TRUE),
(381, 'PID-0313', 1, 287, 'BW-2019-0272', 8, 4, '2019-08-12', '2020-09-23', 'Relocated to different address', TRUE),
(382, 'PID-0313', 1, 288, 'BW-2020-0273', 23, 1, '2020-11-02', NULL, NULL, TRUE);

-- CASES
INSERT INTO case_record (case_id, enrollment_id, assigned_staff_id, opened_date, closed_date, case_status, notes) VALUES
(1, 1, 2, '2018-09-29', NULL, 'open', 'Case for BW-2018-0001. Auto-generated.'),
(2, 2, 2, '2021-02-03', NULL, 'open', 'Case for BW-2021-0002. Auto-generated.'),
(3, 3, 3, '2020-07-12', NULL, 'open', 'Case for BW-2020-0003. Auto-generated.'),
(4, 4, 3, '2017-02-17', NULL, 'pending_approval', 'Case for BW-2017-0004. Auto-generated.'),
(5, 5, 2, '2018-04-04', NULL, 'open', 'Case for BW-2018-0005. Auto-generated.'),
(6, 6, 2, '2018-05-11', NULL, 'open', 'Case for BW-2018-0006. Auto-generated.'),
(7, 7, 2, '2018-03-24', NULL, 'closed', 'Case for BW-2018-0007. Auto-generated.'),
(8, 8, 2, '2023-07-21', NULL, 'open', 'Case for BW-2023-0008. Auto-generated.'),
(9, 9, 2, '2022-09-04', NULL, 'open', 'Case for BW-2022-0009. Auto-generated.'),
(10, 10, 2, '2020-11-30', NULL, 'open', 'Case for WQ-2020-0001. Auto-generated.'),
(11, 11, 2, '2018-09-03', NULL, 'open', 'Case for BW-2018-0010. Auto-generated.'),
(12, 12, 2, '2021-02-21', NULL, 'open', 'Case for WQ-2021-0002. Auto-generated.'),
(13, 13, 3, '2019-10-14', NULL, 'closed', 'Case for BW-2019-0011. Auto-generated.'),
(14, 14, 3, '2018-03-19', NULL, 'open', 'Case for WQ-2018-0003. Auto-generated.'),
(15, 15, 2, '2023-01-15', NULL, 'open', 'Case for BW-2023-0012. Auto-generated.'),
(16, 16, 2, '2019-03-19', NULL, 'open', 'Case for WQ-2019-0004. Auto-generated.'),
(17, 17, 3, '2023-07-04', NULL, 'open', 'Case for BW-2023-0013. Auto-generated.'),
(18, 18, 2, '2019-09-27', NULL, 'open', 'Case for BW-2019-0014. Auto-generated.'),
(19, 19, 2, '2022-04-29', NULL, 'open', 'Case for BW-2022-0015. Auto-generated.'),
(20, 20, 3, '2020-01-23', NULL, 'open', 'Case for BW-2020-0016. Auto-generated.'),
(21, 21, 2, '2019-10-10', NULL, 'closed', 'Case for BW-2019-0017. Auto-generated.'),
(22, 22, 7, '2018-03-09', NULL, 'closed', 'Case for BW-2018-0018. Auto-generated.'),
(23, 23, 8, '2022-06-21', NULL, 'open', 'Case for BW-2022-0019. Auto-generated.'),
(24, 24, 7, '2021-10-09', NULL, 'open', 'Case for BW-2021-0020. Auto-generated.'),
(25, 25, 7, '2018-06-02', NULL, 'open', 'Case for BW-2018-0021. Auto-generated.'),
(26, 26, 7, '2019-07-14', NULL, 'closed', 'Case for BW-2019-0022. Auto-generated.'),
(27, 27, 7, '2019-12-25', NULL, 'open', 'Case for BW-2019-0023. Auto-generated.'),
(28, 28, 8, '2023-06-15', NULL, 'closed', 'Case for BW-2023-0024. Auto-generated.'),
(29, 29, 8, '2022-02-06', NULL, 'open', 'Case for BW-2022-0025. Auto-generated.'),
(30, 30, 8, '2019-10-31', NULL, 'open', 'Case for TW-2019-0001. Auto-generated.'),
(31, 31, 8, '2017-02-26', NULL, 'open', 'Case for BW-2017-0026. Auto-generated.'),
(32, 32, 8, '2018-01-17', NULL, 'open', 'Case for TW-2018-0002. Auto-generated.'),
(33, 33, 8, '2017-01-11', NULL, 'open', 'Case for BW-2017-0027. Auto-generated.'),
(34, 34, 8, '2020-05-07', NULL, 'open', 'Case for TW-2020-0003. Auto-generated.'),
(35, 35, 7, '2022-08-20', NULL, 'open', 'Case for BW-2022-0028. Auto-generated.'),
(36, 36, 7, '2020-09-21', NULL, 'pending_approval', 'Case for TW-2020-0004. Auto-generated.'),
(37, 37, 8, '2018-02-08', NULL, 'open', 'Case for BW-2018-0029. Auto-generated.'),
(38, 38, 7, '2022-03-21', NULL, 'closed', 'Case for BW-2022-0030. Auto-generated.'),
(39, 39, 8, '2022-07-28', NULL, 'pending_approval', 'Case for BW-2022-0031. Auto-generated.'),
(40, 40, 7, '2018-11-05', NULL, 'pending_approval', 'Case for BW-2018-0032. Auto-generated.'),
(41, 41, 7, '2022-05-28', NULL, 'open', 'Case for WW-2022-0001. Auto-generated.'),
(42, 42, 8, '2017-06-02', NULL, 'open', 'Case for BW-2017-0033. Auto-generated.'),
(43, 43, 8, '2022-07-11', NULL, 'open', 'Case for WW-2022-0002. Auto-generated.'),
(44, 44, 2, '2021-01-09', NULL, 'pending_approval', 'Case for BW-2021-0034. Auto-generated.'),
(45, 45, 2, '2018-12-16', NULL, 'open', 'Case for BW-2018-0035. Auto-generated.'),
(46, 46, 2, '2022-05-16', NULL, 'open', 'Case for BW-2022-0036. Auto-generated.'),
(47, 47, 3, '2022-02-01', NULL, 'open', 'Case for BW-2022-0037. Auto-generated.'),
(48, 48, 3, '2019-05-22', NULL, 'open', 'Case for BW-2019-0038. Auto-generated.'),
(49, 49, 2, '2021-06-30', NULL, 'open', 'Case for BW-2021-0039. Auto-generated.'),
(50, 50, 2, '2017-05-06', NULL, 'open', 'Case for WQ-2017-0005. Auto-generated.'),
(51, 51, 2, '2019-11-13', NULL, 'closed', 'Case for BW-2019-0040. Auto-generated.'),
(52, 52, 2, '2018-05-07', NULL, 'open', 'Case for WQ-2018-0006. Auto-generated.'),
(53, 53, 3, '2020-10-22', NULL, 'closed', 'Case for BW-2020-0041. Auto-generated.'),
(54, 54, 3, '2018-11-20', NULL, 'open', 'Case for WQ-2018-0007. Auto-generated.'),
(55, 55, 2, '2020-07-18', NULL, 'closed', 'Case for BW-2020-0042. Auto-generated.'),
(56, 56, 2, '2022-05-03', NULL, 'open', 'Case for BW-2022-0043. Auto-generated.'),
(57, 57, 18, '2021-03-23', NULL, 'open', 'Case for BW-2021-0044. Auto-generated.'),
(58, 58, 18, '2023-12-07', NULL, 'closed', 'Case for BW-2023-0045. Auto-generated.'),
(59, 59, 18, '2021-09-11', NULL, 'open', 'Case for BW-2021-0046. Auto-generated.'),
(60, 60, 17, '2021-03-12', NULL, 'open', 'Case for BW-2021-0047. Auto-generated.'),
(61, 61, 18, '2018-05-15', NULL, 'open', 'Case for BW-2018-0048. Auto-generated.'),
(62, 62, 17, '2022-09-11', NULL, 'open', 'Case for BW-2022-0049. Auto-generated.'),
(63, 63, 17, '2022-02-18', NULL, 'open', 'Case for BW-2022-0050. Auto-generated.'),
(64, 64, 17, '2019-04-06', NULL, 'open', 'Case for WW-2019-0003. Auto-generated.'),
(65, 65, 18, '2022-10-28', NULL, 'open', 'Case for BW-2022-0051. Auto-generated.'),
(66, 66, 18, '2017-12-05', NULL, 'open', 'Case for WW-2017-0004. Auto-generated.'),
(67, 67, 18, '2018-10-18', NULL, 'closed', 'Case for BW-2018-0052. Auto-generated.'),
(68, 68, 18, '2018-08-08', NULL, 'pending_approval', 'Case for WW-2018-0005. Auto-generated.'),
(69, 69, 18, '2018-04-28', NULL, 'pending_approval', 'Case for BW-2018-0053. Auto-generated.'),
(70, 70, 18, '2019-12-03', NULL, 'open', 'Case for TW-2019-0005. Auto-generated.'),
(71, 71, 18, '2023-03-20', NULL, 'open', 'Case for BW-2023-0054. Auto-generated.'),
(72, 72, 18, '2022-03-30', NULL, 'open', 'Case for TW-2022-0006. Auto-generated.'),
(73, 73, 23, '2020-05-30', NULL, 'open', 'Case for BW-2020-0055. Auto-generated.'),
(74, 74, 23, '2021-09-03', NULL, 'closed', 'Case for BW-2021-0056. Auto-generated.'),
(75, 75, 23, '2019-09-18', NULL, 'open', 'Case for BW-2019-0057. Auto-generated.'),
(76, 76, 23, '2019-06-01', NULL, 'pending_approval', 'Case for BW-2019-0058. Auto-generated.'),
(77, 77, 23, '2023-12-28', NULL, 'open', 'Case for BW-2023-0059. Auto-generated.'),
(78, 78, 22, '2022-09-09', NULL, 'open', 'Case for BW-2022-0060. Auto-generated.'),
(79, 79, 22, '2022-12-21', NULL, 'closed', 'Case for WQ-2022-0008. Auto-generated.'),
(80, 80, 22, '2018-09-13', NULL, 'open', 'Case for BW-2018-0061. Auto-generated.'),
(81, 81, 22, '2019-04-16', NULL, 'open', 'Case for WQ-2019-0009. Auto-generated.'),
(82, 82, 23, '2022-05-20', NULL, 'open', 'Case for BW-2022-0062. Auto-generated.'),
(83, 83, 22, '2019-09-21', NULL, 'open', 'Case for BW-2019-0063. Auto-generated.'),
(84, 84, 22, '2017-06-02', NULL, 'open', 'Case for BW-2017-0064. Auto-generated.'),
(85, 85, 23, '2017-02-27', NULL, 'open', 'Case for BW-2017-0065. Auto-generated.'),
(86, 86, 22, '2022-05-13', NULL, 'pending_approval', 'Case for BW-2022-0066. Auto-generated.'),
(87, 87, 22, '2023-10-18', NULL, 'open', 'Case for TW-2023-0007. Auto-generated.'),
(88, 88, 23, '2018-04-22', NULL, 'open', 'Case for BW-2018-0067. Auto-generated.'),
(89, 89, 23, '2023-07-17', NULL, 'open', 'Case for TW-2023-0008. Auto-generated.'),
(90, 90, 23, '2020-11-25', NULL, 'open', 'Case for BW-2020-0068. Auto-generated.'),
(91, 91, 23, '2017-03-06', NULL, 'pending_approval', 'Case for BW-2017-0069. Auto-generated.'),
(92, 92, 22, '2022-11-06', NULL, 'pending_approval', 'Case for BW-2022-0070. Auto-generated.'),
(93, 93, 23, '2018-08-15', NULL, 'open', 'Case for BW-2018-0071. Auto-generated.'),
(94, 94, 23, '2017-08-25', NULL, 'closed', 'Case for WQ-2017-0010. Auto-generated.'),
(95, 95, 22, '2017-03-04', NULL, 'open', 'Case for BW-2017-0072. Auto-generated.'),
(96, 96, 22, '2019-02-18', NULL, 'open', 'Case for WQ-2019-0011. Auto-generated.'),
(97, 97, 23, '2019-06-26', NULL, 'open', 'Case for BW-2019-0073. Auto-generated.'),
(98, 98, 23, '2017-08-29', NULL, 'open', 'Case for BW-2017-0074. Auto-generated.'),
(99, 99, 23, '2021-10-30', NULL, 'open', 'Case for BW-2021-0075. Auto-generated.'),
(100, 100, 22, '2021-11-13', NULL, 'open', 'Case for BW-2021-0076. Auto-generated.'),
(101, 101, 23, '2017-11-18', NULL, 'closed', 'Case for BW-2017-0077. Auto-generated.'),
(102, 102, 13, '2017-12-24', NULL, 'open', 'Case for BW-2017-0078. Auto-generated.'),
(103, 103, 13, '2017-01-28', NULL, 'open', 'Case for BW-2017-0079. Auto-generated.'),
(104, 104, 12, '2017-10-11', NULL, 'closed', 'Case for BW-2017-0080. Auto-generated.'),
(105, 105, 13, '2022-03-12', NULL, 'open', 'Case for BW-2022-0081. Auto-generated.'),
(106, 106, 3, '2021-10-13', NULL, 'open', 'Case for BW-2021-0082. Auto-generated.'),
(107, 107, 3, '2023-01-09', NULL, 'open', 'Case for TW-2023-0009. Auto-generated.'),
(108, 108, 3, '2020-05-03', NULL, 'closed', 'Case for BW-2020-0083. Auto-generated.'),
(109, 109, 3, '2018-12-11', NULL, 'closed', 'Case for BW-2018-0084. Auto-generated.'),
(110, 110, 3, '2021-12-24', NULL, 'open', 'Case for BW-2021-0085. Auto-generated.'),
(111, 111, 3, '2019-06-23', NULL, 'open', 'Case for WQ-2019-0012. Auto-generated.'),
(112, 112, 3, '2020-12-07', NULL, 'open', 'Case for BW-2020-0086. Auto-generated.'),
(113, 113, 3, '2018-01-17', NULL, 'closed', 'Case for BW-2018-0087. Auto-generated.'),
(114, 114, 3, '2018-06-25', NULL, 'open', 'Case for BW-2018-0088. Auto-generated.'),
(115, 115, 3, '2022-05-08', NULL, 'open', 'Case for BW-2022-0089. Auto-generated.'),
(116, 116, 3, '2022-10-29', NULL, 'open', 'Case for TW-2022-0010. Auto-generated.'),
(117, 117, 3, '2018-05-09', NULL, 'open', 'Case for WW-2018-0006. Auto-generated.'),
(118, 118, 3, '2017-10-08', NULL, 'open', 'Case for BW-2017-0090. Auto-generated.'),
(119, 119, 3, '2021-12-08', NULL, 'open', 'Case for WQ-2021-0013. Auto-generated.'),
(120, 120, 3, '2019-10-14', NULL, 'open', 'Case for BW-2019-0091. Auto-generated.'),
(121, 121, 3, '2017-10-18', NULL, 'open', 'Case for BW-2017-0092. Auto-generated.'),
(122, 122, 3, '2022-08-15', NULL, 'open', 'Case for BW-2022-0093. Auto-generated.'),
(123, 123, 3, '2019-09-05', NULL, 'pending_approval', 'Case for BW-2019-0094. Auto-generated.'),
(124, 124, 3, '2021-11-15', NULL, 'open', 'Case for TW-2021-0011. Auto-generated.'),
(125, 125, 3, '2017-08-14', NULL, 'open', 'Case for WQ-2017-0014. Auto-generated.'),
(126, 126, 3, '2018-04-29', NULL, 'closed', 'Case for BW-2018-0095. Auto-generated.'),
(127, 127, 3, '2020-01-20', NULL, 'open', 'Case for WQ-2020-0015. Auto-generated.'),
(128, 128, 3, '2017-01-11', NULL, 'open', 'Case for WQ-2017-0016. Auto-generated.'),
(129, 129, 3, '2019-09-29', NULL, 'closed', 'Case for WW-2019-0007. Auto-generated.'),
(130, 130, 3, '2020-01-17', NULL, 'open', 'Case for BW-2020-0096. Auto-generated.'),
(131, 131, 3, '2020-04-09', NULL, 'open', 'Case for BW-2020-0097. Auto-generated.'),
(132, 132, 3, '2021-06-04', NULL, 'open', 'Case for BW-2021-0098. Auto-generated.'),
(133, 133, 3, '2021-11-17', NULL, 'open', 'Case for TW-2021-0012. Auto-generated.'),
(134, 134, 3, '2021-07-24', NULL, 'open', 'Case for BW-2021-0099. Auto-generated.'),
(135, 135, 3, '2019-05-01', NULL, 'open', 'Case for TW-2019-0013. Auto-generated.'),
(136, 136, 8, '2017-12-11', NULL, 'open', 'Case for BW-2017-0100. Auto-generated.'),
(137, 137, 8, '2020-12-20', NULL, 'open', 'Case for BW-2020-0101. Auto-generated.'),
(138, 138, 8, '2020-02-21', NULL, 'open', 'Case for TW-2020-0014. Auto-generated.'),
(139, 139, 8, '2019-08-12', NULL, 'open', 'Case for BW-2019-0102. Auto-generated.'),
(140, 140, 8, '2019-12-28', NULL, 'open', 'Case for WQ-2019-0017. Auto-generated.'),
(141, 141, 8, '2023-05-15', NULL, 'open', 'Case for BW-2023-0103. Auto-generated.'),
(142, 142, 8, '2020-08-18', NULL, 'open', 'Case for TW-2020-0015. Auto-generated.'),
(143, 143, 8, '2018-08-04', NULL, 'open', 'Case for WQ-2018-0018. Auto-generated.'),
(144, 144, 8, '2023-05-14', NULL, 'pending_approval', 'Case for BW-2023-0104. Auto-generated.'),
(145, 145, 8, '2023-11-10', NULL, 'open', 'Case for TW-2023-0016. Auto-generated.'),
(146, 146, 8, '2020-12-06', NULL, 'open', 'Case for BW-2020-0105. Auto-generated.'),
(147, 147, 8, '2017-01-06', NULL, 'open', 'Case for TW-2017-0017. Auto-generated.'),
(148, 148, 8, '2021-09-15', NULL, 'open', 'Case for WQ-2021-0019. Auto-generated.'),
(149, 149, 8, '2019-12-06', NULL, 'open', 'Case for TW-2019-0018. Auto-generated.'),
(150, 150, 8, '2017-08-08', NULL, 'open', 'Case for BW-2017-0106. Auto-generated.'),
(151, 151, 8, '2019-02-18', NULL, 'open', 'Case for TW-2019-0019. Auto-generated.'),
(152, 152, 8, '2023-09-25', NULL, 'open', 'Case for BW-2023-0107. Auto-generated.'),
(153, 153, 8, '2020-04-10', NULL, 'open', 'Case for WQ-2020-0020. Auto-generated.'),
(154, 154, 8, '2019-07-16', NULL, 'open', 'Case for BW-2019-0108. Auto-generated.'),
(155, 155, 8, '2021-11-19', NULL, 'open', 'Case for BW-2021-0109. Auto-generated.'),
(156, 156, 8, '2018-08-29', NULL, 'closed', 'Case for TW-2018-0020. Auto-generated.'),
(157, 157, 8, '2023-05-10', NULL, 'open', 'Case for BW-2023-0110. Auto-generated.'),
(158, 158, 8, '2021-07-04', NULL, 'open', 'Case for BW-2021-0111. Auto-generated.'),
(159, 159, 8, '2020-09-19', NULL, 'closed', 'Case for TW-2020-0021. Auto-generated.'),
(160, 160, 8, '2020-01-06', NULL, 'open', 'Case for WW-2020-0008. Auto-generated.'),
(161, 161, 8, '2021-12-15', NULL, 'open', 'Case for BW-2021-0112. Auto-generated.'),
(162, 162, 8, '2022-06-08', NULL, 'closed', 'Case for TW-2022-0022. Auto-generated.'),
(163, 163, 17, '2018-01-06', NULL, 'closed', 'Case for TW-2018-0023. Auto-generated.'),
(164, 164, 17, '2019-07-06', NULL, 'open', 'Case for BW-2019-0113. Auto-generated.'),
(165, 165, 17, '2020-06-05', NULL, 'open', 'Case for TW-2020-0024. Auto-generated.'),
(166, 166, 17, '2022-05-03', NULL, 'open', 'Case for BW-2022-0114. Auto-generated.'),
(167, 167, 17, '2020-06-11', NULL, 'open', 'Case for BW-2020-0115. Auto-generated.'),
(168, 168, 17, '2018-07-17', NULL, 'closed', 'Case for BW-2018-0116. Auto-generated.'),
(169, 169, 17, '2018-11-22', NULL, 'open', 'Case for BW-2018-0117. Auto-generated.'),
(170, 170, 17, '2019-10-17', NULL, 'open', 'Case for BW-2019-0118. Auto-generated.'),
(171, 171, 17, '2020-07-02', NULL, 'closed', 'Case for TW-2020-0025. Auto-generated.'),
(172, 172, 17, '2023-08-09', NULL, 'open', 'Case for WQ-2023-0021. Auto-generated.'),
(173, 173, 17, '2021-07-11', NULL, 'closed', 'Case for BW-2021-0119. Auto-generated.'),
(174, 174, 17, '2018-06-22', NULL, 'open', 'Case for TW-2018-0026. Auto-generated.'),
(175, 175, 17, '2018-05-20', NULL, 'open', 'Case for WW-2018-0009. Auto-generated.'),
(176, 176, 17, '2023-02-20', NULL, 'open', 'Case for BW-2023-0120. Auto-generated.'),
(177, 177, 17, '2019-04-22', NULL, 'open', 'Case for TW-2019-0027. Auto-generated.'),
(178, 178, 17, '2019-12-14', NULL, 'open', 'Case for BW-2019-0121. Auto-generated.'),
(179, 179, 17, '2019-11-15', NULL, 'open', 'Case for BW-2019-0122. Auto-generated.'),
(180, 180, 17, '2021-01-04', NULL, 'open', 'Case for BW-2021-0123. Auto-generated.'),
(181, 181, 17, '2017-08-29', NULL, 'open', 'Case for BW-2017-0124. Auto-generated.'),
(182, 182, 17, '2017-02-20', NULL, 'open', 'Case for BW-2017-0125. Auto-generated.'),
(183, 183, 17, '2022-09-02', NULL, 'pending_approval', 'Case for WQ-2022-0022. Auto-generated.'),
(184, 184, 17, '2023-06-06', NULL, 'open', 'Case for BW-2023-0126. Auto-generated.'),
(185, 185, 17, '2020-10-28', NULL, 'open', 'Case for BW-2020-0127. Auto-generated.'),
(186, 186, 17, '2022-02-05', NULL, 'open', 'Case for WQ-2022-0023. Auto-generated.'),
(187, 187, 17, '2018-11-04', NULL, 'open', 'Case for BW-2018-0128. Auto-generated.'),
(188, 188, 2, '2018-03-01', NULL, 'closed', 'Case for BW-2018-0129. Auto-generated.'),
(189, 189, 2, '2023-03-18', NULL, 'open', 'Case for BW-2023-0130. Auto-generated.'),
(190, 190, 2, '2021-09-06', NULL, 'pending_approval', 'Case for BW-2021-0131. Auto-generated.'),
(191, 191, 2, '2020-04-23', NULL, 'open', 'Case for BW-2020-0132. Auto-generated.'),
(192, 192, 2, '2021-01-09', NULL, 'open', 'Case for TW-2021-0028. Auto-generated.'),
(193, 193, 2, '2022-10-06', NULL, 'pending_approval', 'Case for TW-2022-0029. Auto-generated.'),
(194, 194, 2, '2020-02-18', NULL, 'open', 'Case for WQ-2020-0024. Auto-generated.'),
(195, 195, 2, '2020-07-25', NULL, 'open', 'Case for BW-2020-0133. Auto-generated.'),
(196, 196, 2, '2017-02-06', NULL, 'pending_approval', 'Case for BW-2017-0134. Auto-generated.'),
(197, 197, 2, '2019-09-12', NULL, 'open', 'Case for TW-2019-0030. Auto-generated.'),
(198, 198, 2, '2019-02-28', NULL, 'open', 'Case for BW-2019-0135. Auto-generated.'),
(199, 199, 2, '2018-01-29', NULL, 'open', 'Case for TW-2018-0031. Auto-generated.'),
(200, 200, 2, '2020-09-20', NULL, 'open', 'Case for BW-2020-0136. Auto-generated.'),
(201, 201, 2, '2018-12-31', NULL, 'open', 'Case for TW-2018-0032. Auto-generated.'),
(202, 202, 2, '2020-04-02', NULL, 'open', 'Case for BW-2020-0137. Auto-generated.'),
(203, 203, 2, '2023-03-18', NULL, 'pending_approval', 'Case for BW-2023-0138. Auto-generated.'),
(204, 204, 2, '2023-06-04', NULL, 'open', 'Case for WQ-2023-0025. Auto-generated.'),
(205, 205, 23, '2020-03-13', NULL, 'open', 'Case for BW-2020-0139. Auto-generated.'),
(206, 206, 23, '2022-05-20', NULL, 'open', 'Case for BW-2022-0140. Auto-generated.'),
(207, 207, 23, '2023-06-30', NULL, 'closed', 'Case for BW-2023-0141. Auto-generated.'),
(208, 208, 23, '2023-11-21', NULL, 'open', 'Case for BW-2023-0142. Auto-generated.'),
(209, 209, 23, '2019-04-27', NULL, 'open', 'Case for BW-2019-0143. Auto-generated.'),
(210, 210, 23, '2022-10-18', NULL, 'closed', 'Case for BW-2022-0144. Auto-generated.'),
(211, 211, 23, '2019-07-02', NULL, 'pending_approval', 'Case for TW-2019-0033. Auto-generated.'),
(212, 212, 23, '2019-08-02', NULL, 'open', 'Case for BW-2019-0145. Auto-generated.'),
(213, 213, 23, '2021-07-19', NULL, 'open', 'Case for BW-2021-0146. Auto-generated.'),
(214, 214, 23, '2020-03-07', NULL, 'open', 'Case for WW-2020-0010. Auto-generated.'),
(215, 215, 23, '2022-02-01', NULL, 'open', 'Case for BW-2022-0147. Auto-generated.'),
(216, 216, 23, '2018-06-26', NULL, 'open', 'Case for WQ-2018-0026. Auto-generated.'),
(217, 217, 23, '2023-10-08', NULL, 'open', 'Case for BW-2023-0148. Auto-generated.'),
(218, 218, 23, '2021-11-03', NULL, 'pending_approval', 'Case for WQ-2021-0027. Auto-generated.'),
(219, 219, 23, '2017-12-10', NULL, 'open', 'Case for BW-2017-0149. Auto-generated.'),
(220, 220, 23, '2021-08-01', NULL, 'closed', 'Case for TW-2021-0034. Auto-generated.'),
(221, 221, 23, '2017-01-30', NULL, 'open', 'Case for WW-2017-0011. Auto-generated.'),
(222, 222, 23, '2021-06-16', NULL, 'pending_approval', 'Case for BW-2021-0150. Auto-generated.'),
(223, 223, 23, '2018-10-25', NULL, 'open', 'Case for BW-2018-0151. Auto-generated.'),
(224, 224, 23, '2020-10-18', NULL, 'open', 'Case for TW-2020-0035. Auto-generated.'),
(225, 225, 23, '2021-04-24', NULL, 'open', 'Case for BW-2021-0152. Auto-generated.'),
(226, 226, 22, '2017-10-24', NULL, 'open', 'Case for BW-2017-0153. Auto-generated.'),
(227, 227, 22, '2020-11-01', NULL, 'open', 'Case for BW-2020-0154. Auto-generated.'),
(228, 228, 22, '2022-05-06', NULL, 'pending_approval', 'Case for TW-2022-0036. Auto-generated.'),
(229, 229, 22, '2018-05-07', NULL, 'open', 'Case for BW-2018-0155. Auto-generated.'),
(230, 230, 22, '2017-02-04', NULL, 'open', 'Case for BW-2017-0156. Auto-generated.'),
(231, 231, 22, '2023-07-08', NULL, 'open', 'Case for TW-2023-0037. Auto-generated.'),
(232, 232, 22, '2019-11-30', NULL, 'open', 'Case for WQ-2019-0028. Auto-generated.'),
(233, 233, 22, '2023-06-17', NULL, 'open', 'Case for BW-2023-0157. Auto-generated.'),
(234, 234, 22, '2023-05-15', NULL, 'open', 'Case for TW-2023-0038. Auto-generated.'),
(235, 235, 22, '2018-11-01', NULL, 'open', 'Case for WQ-2018-0029. Auto-generated.'),
(236, 236, 22, '2023-10-17', NULL, 'closed', 'Case for BW-2023-0158. Auto-generated.'),
(237, 237, 22, '2023-01-15', NULL, 'open', 'Case for TW-2023-0039. Auto-generated.'),
(238, 238, 22, '2017-10-20', NULL, 'open', 'Case for BW-2017-0159. Auto-generated.'),
(239, 239, 22, '2020-07-08', NULL, 'open', 'Case for TW-2020-0040. Auto-generated.'),
(240, 240, 22, '2019-10-28', NULL, 'open', 'Case for BW-2019-0160. Auto-generated.'),
(241, 241, 22, '2020-03-09', NULL, 'open', 'Case for BW-2020-0161. Auto-generated.'),
(242, 242, 22, '2018-11-30', NULL, 'open', 'Case for WQ-2018-0030. Auto-generated.'),
(243, 243, 22, '2020-08-25', NULL, 'open', 'Case for WW-2020-0012. Auto-generated.'),
(244, 244, 22, '2021-12-15', NULL, 'open', 'Case for BW-2021-0162. Auto-generated.'),
(245, 245, 22, '2018-09-30', NULL, 'open', 'Case for TW-2018-0041. Auto-generated.'),
(246, 246, 22, '2018-07-13', NULL, 'closed', 'Case for WW-2018-0013. Auto-generated.'),
(247, 247, 22, '2021-11-26', NULL, 'closed', 'Case for BW-2021-0163. Auto-generated.'),
(248, 248, 22, '2018-09-10', NULL, 'open', 'Case for BW-2018-0164. Auto-generated.'),
(249, 249, 22, '2021-09-18', NULL, 'open', 'Case for TW-2021-0042. Auto-generated.'),
(250, 250, 3, '2019-05-04', NULL, 'open', 'Case for BW-2019-0165. Auto-generated.'),
(251, 251, 3, '2020-02-05', NULL, 'open', 'Case for BW-2020-0166. Auto-generated.'),
(252, 252, 3, '2018-03-16', NULL, 'open', 'Case for BW-2018-0167. Auto-generated.'),
(253, 253, 3, '2023-04-07', NULL, 'open', 'Case for WQ-2023-0031. Auto-generated.'),
(254, 254, 3, '2023-05-11', NULL, 'open', 'Case for BW-2023-0168. Auto-generated.'),
(255, 255, 3, '2022-04-03', NULL, 'open', 'Case for WQ-2022-0032. Auto-generated.'),
(256, 256, 3, '2019-01-30', NULL, 'open', 'Case for BW-2019-0169. Auto-generated.'),
(257, 257, 3, '2022-11-14', NULL, 'open', 'Case for BW-2022-0170. Auto-generated.'),
(258, 258, 3, '2017-10-18', NULL, 'open', 'Case for BW-2017-0171. Auto-generated.'),
(259, 259, 3, '2022-07-06', NULL, 'pending_approval', 'Case for WQ-2022-0033. Auto-generated.'),
(260, 260, 3, '2022-10-29', NULL, 'open', 'Case for WQ-2022-0034. Auto-generated.'),
(261, 261, 3, '2021-10-16', NULL, 'open', 'Case for BW-2021-0172. Auto-generated.'),
(262, 262, 3, '2019-05-27', NULL, 'open', 'Case for BW-2019-0173. Auto-generated.'),
(263, 263, 3, '2020-07-13', NULL, 'open', 'Case for BW-2020-0174. Auto-generated.'),
(264, 264, 3, '2020-02-05', NULL, 'open', 'Case for WQ-2020-0035. Auto-generated.'),
(265, 265, 3, '2017-11-13', NULL, 'open', 'Case for BW-2017-0175. Auto-generated.'),
(266, 266, 3, '2019-07-18', NULL, 'closed', 'Case for BW-2019-0176. Auto-generated.'),
(267, 267, 7, '2020-08-17', NULL, 'open', 'Case for BW-2020-0177. Auto-generated.'),
(268, 268, 7, '2020-09-21', NULL, 'open', 'Case for BW-2020-0178. Auto-generated.'),
(269, 269, 7, '2023-12-07', NULL, 'open', 'Case for BW-2023-0179. Auto-generated.'),
(270, 270, 7, '2023-09-12', NULL, 'open', 'Case for WQ-2023-0036. Auto-generated.'),
(271, 271, 7, '2020-05-23', NULL, 'open', 'Case for BW-2020-0180. Auto-generated.'),
(272, 272, 7, '2021-10-13', NULL, 'open', 'Case for BW-2021-0181. Auto-generated.'),
(273, 273, 7, '2018-04-30', NULL, 'open', 'Case for BW-2018-0182. Auto-generated.'),
(274, 274, 7, '2018-08-20', NULL, 'open', 'Case for WQ-2018-0037. Auto-generated.'),
(275, 275, 7, '2023-11-12', NULL, 'open', 'Case for BW-2023-0183. Auto-generated.'),
(276, 276, 7, '2019-07-16', NULL, 'open', 'Case for BW-2019-0184. Auto-generated.'),
(277, 277, 7, '2017-03-03', NULL, 'open', 'Case for WQ-2017-0038. Auto-generated.'),
(278, 278, 23, '2017-06-23', NULL, 'open', 'Case for BW-2017-0185. Auto-generated.'),
(279, 279, 23, '2023-11-17', NULL, 'open', 'Case for BW-2023-0186. Auto-generated.'),
(280, 280, 23, '2022-02-02', NULL, 'open', 'Case for BW-2022-0187. Auto-generated.'),
(281, 281, 23, '2023-03-05', NULL, 'open', 'Case for BW-2023-0188. Auto-generated.'),
(282, 282, 23, '2019-04-11', NULL, 'open', 'Case for BW-2019-0189. Auto-generated.'),
(283, 283, 23, '2017-02-20', NULL, 'open', 'Case for WQ-2017-0039. Auto-generated.'),
(284, 284, 23, '2023-12-14', NULL, 'open', 'Case for BW-2023-0190. Auto-generated.'),
(285, 285, 23, '2020-03-10', NULL, 'open', 'Case for BW-2020-0191. Auto-generated.'),
(286, 286, 23, '2020-01-30', NULL, 'open', 'Case for BW-2020-0192. Auto-generated.'),
(287, 287, 23, '2023-12-28', NULL, 'open', 'Case for BW-2023-0193. Auto-generated.'),
(288, 288, 23, '2019-04-30', NULL, 'open', 'Case for BW-2019-0194. Auto-generated.'),
(289, 289, 23, '2023-05-20', NULL, 'open', 'Case for BW-2023-0195. Auto-generated.'),
(290, 290, 23, '2023-05-04', NULL, 'open', 'Case for WQ-2023-0040. Auto-generated.'),
(291, 291, 23, '2019-06-05', NULL, 'pending_approval', 'Case for BW-2019-0196. Auto-generated.'),
(292, 292, 23, '2022-10-16', NULL, 'open', 'Case for BW-2022-0197. Auto-generated.'),
(293, 293, 23, '2019-05-10', NULL, 'open', 'Case for BW-2019-0198. Auto-generated.'),
(294, 294, 23, '2023-08-25', NULL, 'open', 'Case for BW-2023-0199. Auto-generated.'),
(295, 295, 23, '2019-11-23', NULL, 'closed', 'Case for BW-2019-0200. Auto-generated.'),
(296, 296, 23, '2018-03-15', NULL, 'open', 'Case for BW-2018-0201. Auto-generated.'),
(297, 297, 23, '2020-11-02', NULL, 'open', 'Case for BW-2020-0202. Auto-generated.'),
(298, 298, 8, '2019-06-10', '2020-11-23', 'closed', 'Case for BW-2019-0203. Auto-generated.'),
(299, 299, 8, '2020-10-27', NULL, 'open', 'Case for BW-2020-0204. Auto-generated.'),
(300, 300, 8, '2017-10-12', '2018-10-19', 'closed', 'Case for BW-2017-0205. Auto-generated.'),
(301, 301, 8, '2020-03-04', NULL, 'pending_approval', 'Case for BW-2020-0206. Auto-generated.'),
(302, 302, 8, '2020-12-14', '2022-06-24', 'closed', 'Case for BW-2020-0207. Auto-generated.'),
(303, 303, 8, '2022-05-19', NULL, 'pending_approval', 'Case for BW-2022-0208. Auto-generated.'),
(304, 304, 8, '2023-06-09', NULL, 'open', 'Case for BW-2023-0209. Auto-generated.'),
(305, 305, 8, '2023-03-19', NULL, 'open', 'Case for BW-2023-0210. Auto-generated.'),
(306, 306, 8, '2017-03-09', '2018-08-22', 'closed', 'Case for BW-2017-0211. Auto-generated.'),
(307, 307, 8, '2023-08-08', NULL, 'open', 'Case for BW-2023-0212. Auto-generated.'),
(308, 308, 18, '2018-11-23', '2021-04-14', 'closed', 'Case for BW-2018-0213. Auto-generated.'),
(309, 309, 18, '2021-11-17', NULL, 'open', 'Case for BW-2021-0214. Auto-generated.'),
(310, 310, 18, '2020-09-06', '2022-12-28', 'closed', 'Case for BW-2020-0215. Auto-generated.'),
(311, 311, 18, '2023-06-22', NULL, 'open', 'Case for BW-2023-0216. Auto-generated.'),
(312, 312, 18, '2021-06-11', NULL, 'open', 'Case for BW-2021-0217. Auto-generated.'),
(313, 313, 18, '2017-02-08', '2018-12-29', 'closed', 'Case for BW-2017-0218. Auto-generated.'),
(314, 314, 18, '2023-01-12', NULL, 'open', 'Case for BW-2023-0219. Auto-generated.'),
(315, 315, 18, '2019-12-31', '2021-06-11', 'closed', 'Case for BW-2019-0220. Auto-generated.'),
(316, 316, 18, '2020-05-23', NULL, 'pending_approval', 'Case for BW-2020-0221. Auto-generated.'),
(317, 317, 18, '2019-12-30', '2021-09-30', 'closed', 'Case for BW-2019-0222. Auto-generated.'),
(318, 318, 18, '2020-06-22', NULL, 'open', 'Case for BW-2020-0223. Auto-generated.'),
(319, 319, 18, '2017-07-19', '2019-04-27', 'closed', 'Case for BW-2017-0224. Auto-generated.'),
(320, 320, 18, '2020-03-16', NULL, 'open', 'Case for BW-2020-0225. Auto-generated.'),
(321, 321, 18, '2020-10-08', NULL, 'pending_approval', 'Case for BW-2020-0226. Auto-generated.'),
(322, 322, 18, '2020-09-30', NULL, 'open', 'Case for BW-2020-0227. Auto-generated.'),
(323, 323, 18, '2021-02-26', NULL, 'open', 'Case for BW-2021-0228. Auto-generated.'),
(324, 324, 2, '2017-03-01', '2019-01-06', 'closed', 'Case for BW-2017-0229. Auto-generated.'),
(325, 325, 2, '2020-04-20', NULL, 'pending_approval', 'Case for BW-2020-0230. Auto-generated.'),
(326, 326, 2, '2017-10-07', '2019-07-17', 'closed', 'Case for BW-2017-0231. Auto-generated.'),
(327, 327, 2, '2022-02-08', NULL, 'pending_approval', 'Case for BW-2022-0232. Auto-generated.'),
(328, 328, 2, '2023-05-21', NULL, 'open', 'Case for BW-2023-0233. Auto-generated.'),
(329, 329, 2, '2019-05-22', '2021-05-14', 'closed', 'Case for BW-2019-0234. Auto-generated.'),
(330, 330, 2, '2021-05-20', NULL, 'pending_approval', 'Case for BW-2021-0235. Auto-generated.'),
(331, 331, 2, '2021-05-04', NULL, 'open', 'Case for BW-2021-0236. Auto-generated.'),
(332, 332, 2, '2020-11-03', '2021-07-23', 'closed', 'Case for BW-2020-0237. Auto-generated.'),
(333, 333, 2, '2017-09-09', '2019-07-02', 'closed', 'Case for BW-2017-0238. Auto-generated.'),
(334, 334, 2, '2021-04-06', NULL, 'open', 'Case for BW-2021-0239. Auto-generated.'),
(335, 335, 2, '2021-07-19', NULL, 'pending_approval', 'Case for BW-2021-0240. Auto-generated.'),
(336, 336, 2, '2020-01-29', '2021-10-25', 'closed', 'Case for BW-2020-0241. Auto-generated.'),
(337, 337, 2, '2021-01-22', NULL, 'open', 'Case for BW-2021-0242. Auto-generated.'),
(338, 338, 2, '2018-02-25', '2020-03-21', 'closed', 'Case for BW-2018-0243. Auto-generated.'),
(339, 339, 2, '2023-12-28', NULL, 'pending_approval', 'Case for BW-2023-0244. Auto-generated.'),
(340, 340, 2, '2020-03-03', '2021-11-25', 'closed', 'Case for BW-2020-0245. Auto-generated.'),
(341, 341, 2, '2020-01-09', NULL, 'open', 'Case for BW-2020-0246. Auto-generated.'),
(342, 342, 2, '2021-03-30', NULL, 'open', 'Case for BW-2021-0247. Auto-generated.'),
(343, 343, 2, '2019-03-18', NULL, 'open', 'Case for BW-2019-0248. Auto-generated.'),
(344, 344, 2, '2019-03-18', NULL, 'open', 'Case for TW-2019-0043. Auto-generated.'),
(345, 345, 2, '2019-03-18', NULL, 'open', 'Case for WQ-2019-0041. Auto-generated.'),
(346, 346, 2, '2019-03-18', NULL, 'open', 'Case for WW-2019-0014. Auto-generated.'),
(347, 347, 7, '2018-10-08', NULL, 'open', 'Case for BW-2018-0249. Auto-generated.'),
(348, 348, 7, '2018-10-08', NULL, 'open', 'Case for TW-2018-0044. Auto-generated.'),
(349, 349, 7, '2018-10-08', NULL, 'open', 'Case for WQ-2018-0042. Auto-generated.'),
(350, 350, 7, '2018-10-08', NULL, 'open', 'Case for WW-2018-0015. Auto-generated.'),
(351, 351, 18, '2020-05-04', NULL, 'open', 'Case for BW-2020-0250. Auto-generated.'),
(352, 352, 18, '2020-05-04', NULL, 'open', 'Case for TW-2020-0045. Auto-generated.'),
(353, 353, 18, '2020-05-04', NULL, 'open', 'Case for WQ-2020-0043. Auto-generated.'),
(354, 354, 18, '2020-05-04', NULL, 'open', 'Case for WW-2020-0016. Auto-generated.'),
(355, 355, 23, '2019-06-16', NULL, 'open', 'Case for BW-2019-0251. Auto-generated.'),
(356, 356, 23, '2019-06-16', NULL, 'open', 'Case for TW-2019-0046. Auto-generated.'),
(357, 357, 23, '2019-06-16', NULL, 'open', 'Case for WQ-2019-0044. Auto-generated.'),
(358, 358, 23, '2019-06-16', NULL, 'open', 'Case for WW-2019-0017. Auto-generated.'),
(359, 359, 7, '2016-07-15', '2019-01-13', 'closed', 'Case for BW-2016-0252. Auto-generated.'),
(360, 360, 22, '2019-08-11', NULL, 'open', 'Case for BW-2019-0253. Auto-generated.'),
(361, 361, 7, '2019-05-08', '2021-10-24', 'closed', 'Case for BW-2019-0254. Auto-generated.'),
(362, 362, 13, '2022-02-19', NULL, 'open', 'Case for BW-2022-0255. Auto-generated.'),
(363, 363, 2, '2019-04-18', '2020-11-07', 'closed', 'Case for BW-2019-0256. Auto-generated.'),
(364, 364, 2, '2021-06-04', NULL, 'open', 'Case for BW-2021-0257. Auto-generated.'),
(365, 365, 7, '2017-12-27', '2020-01-19', 'closed', 'Case for BW-2017-0258. Auto-generated.'),
(366, 366, 2, '2020-06-06', NULL, 'open', 'Case for BW-2020-0259. Auto-generated.'),
(367, 367, 18, '2018-03-22', '2020-06-12', 'closed', 'Case for BW-2018-0260. Auto-generated.'),
(368, 368, 23, '2020-08-24', NULL, 'open', 'Case for BW-2020-0261. Auto-generated.'),
(369, 369, 18, '2017-05-28', '2019-10-11', 'closed', 'Case for BW-2017-0262. Auto-generated.'),
(370, 370, 23, '2020-03-07', NULL, 'open', 'Case for BW-2020-0263. Auto-generated.'),
(371, 371, 3, '2018-07-10', '2020-05-27', 'closed', 'Case for BW-2018-0264. Auto-generated.'),
(372, 372, 18, '2021-02-07', NULL, 'open', 'Case for BW-2021-0265. Auto-generated.'),
(373, 373, 3, '2017-10-18', '2018-12-19', 'closed', 'Case for BW-2017-0266. Auto-generated.'),
(374, 374, 23, '2019-11-16', NULL, 'open', 'Case for BW-2019-0267. Auto-generated.'),
(375, 375, 2, '2017-06-30', '2018-07-20', 'closed', 'Case for BW-2017-0268. Auto-generated.'),
(376, 376, 23, '2019-06-16', NULL, 'open', 'Case for BW-2019-0269. Auto-generated.'),
(377, 377, 18, '2019-04-27', '2021-04-05', 'closed', 'Case for TW-2019-0047. Auto-generated.'),
(378, 378, 22, '2021-06-08', NULL, 'open', 'Case for TW-2021-0048. Auto-generated.'),
(379, 379, 17, '2018-12-05', '2020-06-27', 'closed', 'Case for BW-2018-0270. Auto-generated.'),
(380, 380, 12, '2021-03-20', NULL, 'open', 'Case for BW-2021-0271. Auto-generated.'),
(381, 381, 8, '2019-08-12', '2020-09-23', 'closed', 'Case for BW-2019-0272. Auto-generated.'),
(382, 382, 23, '2020-11-02', NULL, 'open', 'Case for BW-2020-0273. Auto-generated.');

